time,Cr_at_center,Cr_at_surface,defect_max
0,0,0,0
10,0.19999999863298,0.1999306,1.4659e-09
20,0.19999999727165,0.1998612,2.8318e-09
30,0.19999999590209,0.1997918,4.1977e-09
40,0.19999999453235,0.1997224,5.5636e-09
50,0.19999999316713,0.199653,6.9295e-09
60,0.19999999180534,0.1995836,8.2954e-09
70,0.19999999044358,0.1995142,9.6613e-09
80,0.19999998907913,0.1994448,1.10272e-08
90,0.19999998771116,0.1993754,1.23931e-08
100,0.19999998634066,0.199306,1.3759e-08
110,0.19999998496958,0.1992366,1.51249e-08
120,0.19999998359993,0.1991672,1.64908e-08
130,0.19999998223313,0.1990978,1.78567e-08
140,0.19999998086964,0.1990284,1.92226e-08
150,0.19999997950899,0.198959,2.05885e-08
160,0.19999997814998,0.1988896,2.19544e-08
170,0.19999997679101,0.1988202,2.33203e-08
180,0.19999997543048,0.1987508,2.46862e-08
190,0.19999997406708,0.1986814,2.60521e-08
200,0.1999999727,0.198612,2.7418e-08
210,0.19999997132907,0.1985426,2.87839e-08
220,0.19999996995475,0.1984732,3.01498e-08
230,0.19999996857804,0.1984038,3.15157e-08
240,0.19999996720035,0.1983344,3.28816e-08
250,0.1999999658233,0.198265,3.42475e-08
260,0.19999996444856,0.1981956,3.56134e-08
270,0.1999999630776,0.1981262,3.69793e-08
280,0.19999996171159,0.1980568,3.83452e-08
290,0.19999996035124,0.1979874,3.97111e-08
300,0.19999995899674,0.197918,4.1077e-08
310,0.19999995764769,0.1978486,4.24429e-08
320,0.19999995630317,0.1977792,4.38088e-08
330,0.19999995496174,0.1977098,4.51747e-08
340,0.19999995362155,0.1976404,4.65406e-08
350,0.19999995228043,0.197571,4.79065e-08
360,0.19999995093608,0.1975016,4.92724e-08
370,0.19999994958613,0.1974322,5.06383e-08
380,0.19999994822836,0.1973628,5.20042e-08
390,0.19999994686081,0.1972934,5.33701e-08
400,0.19999994548192,0.197224,5.4736e-08
410,0.19999994409062,0.1971546,5.61019e-08
420,0.19999994268649,0.1970852,5.74678e-08
430,0.19999994126979,0.1970158,5.88337e-08
440,0.19999993984151,0.1969464,6.01996e-08
450,0.19999993840341,0.196877,6.15655e-08
460,0.19999993695803,0.1968076,6.29314e-08
470,0.19999993550863,0.1967382,6.42973e-08
480,0.19999993405917,0.1966688,6.56632e-08
490,0.19999993261421,0.1965994,6.70291e-08
500,0.1999999311788,0.19653,6.8395e-08
510,0.19999992975839,0.1964606,6.97609e-08
520,0.19999992835866,0.1963912,7.11268e-08
530,0.19999992698537,0.1963218,7.24927e-08
540,0.19999992564419,0.1962524,7.38586e-08
550,0.19999992434053,0.196183,7.52245e-08
560,0.19999992307931,0.1961136,7.65904e-08
570,0.19999992186482,0.1960442,7.79563e-08
580,0.19999992070045,0.1959748,7.93222e-08
590,0.19999991958852,0.1959054,8.06881e-08
600,0.19999991853006,0.195836,8.2054e-08
610,0.19999991752462,0.1957666,8.34199e-08
620,0.19999991657004,0.1956972,8.47858e-08
630,0.19999991566226,0.1956278,8.61517e-08
640,0.19999991479515,0.1955584,8.75176e-08
650,0.19999991396027,0.195489,8.88835e-08
660,0.19999991314674,0.1954196,9.02494e-08
670,0.19999991234103,0.1953502,9.16153e-08
680,0.19999991152681,0.1952808,9.29812e-08
690,0.19999991068482,0.1952114,9.43471e-08
700,0.19999990979268,0.195142,9.5713e-08
710,0.19999990882481,0.1950726,9.70789e-08
720,0.19999990775225,0.1950032,9.84448e-08
730,0.19999990654261,0.1949338,9.98107e-08
740,0.19999990515991,0.1948644,1.011766e-07
750,0.19999990356454,0.194795,1.025425e-07
760,0.19999990171315,0.1947256,1.039084e-07
770,0.19999989955861,0.1946562,1.052743e-07
780,0.19999989704991,0.1945868,1.066402e-07
790,0.19999989413215,0.1945174,1.080061e-07
800,0.1999998907465,0.194448,1.09372e-07
810,0.19999988683015,0.1943786,1.107379e-07
820,0.19999988231631,0.1943092,1.121038e-07
830,0.19999987713419,0.1942398,1.134697e-07
840,0.19999987120901,0.1941704,1.148356e-07
850,0.19999986446199,0.194101,1.162015e-07
860,0.19999985681039,0.1940316,1.175674e-07
870,0.19999984816751,0.1939622,1.189333e-07
880,0.19999983844272,0.1938928,1.202992e-07
890,0.1999998275415,0.1938234,1.216651e-07
900,0.19999981536548,0.193754,1.23031e-07
910,0.1999998018125,0.1936846,1.243969e-07
920,0.19999978677664,0.1936152,1.257628e-07
930,0.1999997701483,0.1935458,1.271287e-07
940,0.19999975181422,0.1934764,1.284946e-07
950,0.19999973165759,0.193407,1.298605e-07
960,0.19999970955812,0.1933376,1.312264e-07
970,0.19999968539207,0.1932682,1.325923e-07
980,0.19999965903236,0.1931988,1.339582e-07
990,0.19999963034864,0.1931294,1.353241e-07
1000,0.19999959920736,0.19306,1.3669e-07
1010,0.19999956547187,0.1929906,1.380559e-07
1020,0.19999952900251,0.1929212,1.394218e-07
1030,0.19999948965666,0.1928518,1.407877e-07
1040,0.19999944728887,0.1927824,1.421536e-07
1050,0.19999940175092,0.192713,1.435195e-07
1060,0.19999935289193,0.1926436,1.448854e-07
1070,0.19999930055843,0.1925742,1.462513e-07
1080,0.19999924459446,0.1925048,1.476172e-07
1090,0.19999918484168,0.1924354,1.489831e-07
1100,0.19999912113943,0.192366,1.50349e-07
1110,0.19999905332484,0.1922966,1.517149e-07
1120,0.19999898123291,0.1922272,1.530808e-07
1130,0.19999890469662,0.1921578,1.544467e-07
1140,0.199998823547,0.1920884,1.558126e-07
1150,0.19999873761323,0.192019,1.571785e-07
1160,0.19999864672271,0.1919496,1.585444e-07
1170,0.1999985507012,0.1918802,1.599103e-07
1180,0.19999844937284,0.1918108,1.612762e-07
1190,0.19999834256028,0.1917414,1.626421e-07
1200,0.19999823008476,0.191672,1.64008e-07
1210,0.19999811176617,0.1916026,1.653739e-07
1220,0.19999798742318,0.1915332,1.667398e-07
1230,0.19999785687326,0.1914638,1.681057e-07
1240,0.1999977199328,0.1913944,1.694716e-07
1250,0.19999757641721,0.191325,1.708375e-07
1260,0.19999742614093,0.1912556,1.722034e-07
1270,0.19999726891758,0.1911862,1.735693e-07
1280,0.19999710455996,0.1911168,1.749352e-07
1290,0.1999969328802,0.1910474,1.763011e-07
1300,0.19999675368977,0.190978,1.77667e-07
1310,0.1999965667996,0.1909086,1.790329e-07
1320,0.1999963720201,0.1908392,1.803988e-07
1330,0.19999616916125,0.1907698,1.817647e-07
1340,0.19999595803268,0.1907004,1.831306e-07
1350,0.19999573844372,0.190631,1.844965e-07
1360,0.19999551020344,0.1905616,1.858624e-07
1370,0.19999527312076,0.1904922,1.872283e-07
1380,0.19999502700446,0.1904228,1.885942e-07
1390,0.19999477166328,0.1903534,1.899601e-07
1400,0.19999450690593,0.190284,1.91326e-07
1410,0.19999423254119,0.1902146,1.926919e-07
1420,0.19999394837793,0.1901452,1.940578e-07
1430,0.19999365422519,0.1900758,1.954237e-07
1440,0.19999334989219,0.1900064,1.967896e-07
1450,0.19999303518842,0.189937,1.981555e-07
1460,0.19999270992366,0.1898676,1.995214e-07
1470,0.19999237390805,0.1897982,2.008873e-07
1480,0.1999920269521,0.1897288,2.022532e-07
1490,0.19999166886676,0.1896594,2.036191e-07
1500,0.19999129946346,0.18959,2.04985e-07
1510,0.19999091855412,0.1895206,2.063509e-07
1520,0.19999052595125,0.1894512,2.077168e-07
1530,0.1999901214679,0.1893818,2.090827e-07
1540,0.19998970491778,0.1893124,2.104486e-07
1550,0.19998927611526,0.189243,2.118145e-07
1560,0.19998883487538,0.1891736,2.131804e-07
1570,0.19998838101391,0.1891042,2.145463e-07
1580,0.1999879143474,0.1890348,2.159122e-07
1590,0.19998743469315,0.1889654,2.172781e-07
1600,0.1999869418693,0.188896,2.18644e-07
1610,0.19998643569483,0.1888266,2.200099e-07
1620,0.19998591598957,0.1887572,2.213758e-07
1630,0.19998538257426,0.1886878,2.227417e-07
1640,0.19998483527056,0.1886184,2.241076e-07
1650,0.19998427390106,0.188549,2.254735e-07
1660,0.19998369828931,0.1884796,2.268394e-07
1670,0.19998310825987,0.1884102,2.282053e-07
1680,0.19998250363827,0.1883408,2.295712e-07
1690,0.19998188425109,0.1882714,2.309371e-07
1700,0.19998124992594,0.188202,2.32303e-07
1710,0.1999806004915,0.1881326,2.336689e-07
1720,0.19997993577752,0.1880632,2.350348e-07
1730,0.19997925561484,0.1879938,2.364007e-07
1740,0.19997855983542,0.1879244,2.377666e-07
1750,0.19997784827232,0.187855,2.391325e-07
1760,0.19997712075977,0.1877856,2.404984e-07
1770,0.19997637713311,0.1877162,2.418643e-07
1780,0.19997561722887,0.1876468,2.432302e-07
1790,0.19997484088473,0.1875774,2.445961e-07
1800,0.19997404793956,0.187508,2.45962e-07
1810,0.19997323823343,0.1874386,2.473279e-07
1820,0.19997241160761,0.1873692,2.486938e-07
1830,0.19997156790455,0.1872998,2.500597e-07
1840,0.19997070696797,0.1872304,2.514256e-07
1850,0.19996982864276,0.187161,2.527915e-07
1860,0.19996893277507,0.1870916,2.541574e-07
1870,0.1999680192123,0.1870222,2.555233e-07
1880,0.19996708780306,0.1869528,2.568892e-07
1890,0.19996613839723,0.1868834,2.582551e-07
1900,0.19996517084595,0.186814,2.59621e-07
1910,0.19996418500159,0.1867446,2.609869e-07
1920,0.1999631807178,0.1866752,2.623528e-07
1930,0.1999621578495,0.1866058,2.637187e-07
1940,0.19996111625285,0.1865364,2.650846e-07
1950,0.19996005578531,0.186467,2.664505e-07
1960,0.19995897630559,0.1863976,2.678164e-07
1970,0.19995787767367,0.1863282,2.691823e-07
1980,0.19995675975082,0.1862588,2.705482e-07
1990,0.19995562239957,0.1861894,2.719141e-07
2000,0.19995446548373,0.18612,2.7328e-07
2010,0.19995328886837,0.1860506,2.746459e-07
2020,0.19995209241985,0.1859812,2.760118e-07
2030,0.19995087600581,0.1859118,2.773777e-07
2040,0.19994963949513,0.1858424,2.787436e-07
2050,0.19994838275798,0.185773,2.801095e-07
2060,0.19994710566581,0.1857036,2.814754e-07
2070,0.1999458080913,0.1856342,2.828413e-07
2080,0.19994448990844,0.1855648,2.842072e-07
2090,0.19994315099244,0.1854954,2.855731e-07
2100,0.19994179121979,0.185426,2.86939e-07
2110,0.19994041046824,0.1853566,2.883049e-07
2120,0.19993900861677,0.1852872,2.896708e-07
2130,0.19993758554564,0.1852178,2.910367e-07
2140,0.19993614113632,0.1851484,2.924026e-07
2150,0.19993467527155,0.185079,2.937685e-07
2160,0.1999331878353,0.1850096,2.951344e-07
2170,0.19993167871275,0.1849402,2.965003e-07
2180,0.19993014779035,0.1848708,2.978662e-07
2190,0.19992859495573,0.1848014,2.992321e-07
2200,0.19992702009778,0.184732,3.00598e-07
2210,0.19992542310656,0.1846626,3.019639e-07
2220,0.19992380387338,0.1845932,3.033298e-07
2230,0.19992216229072,0.1845238,3.046957e-07
2240,0.19992049825228,0.1844544,3.060616e-07
2250,0.19991881165294,0.184385,3.074275e-07
2260,0.19991710238877,0.1843156,3.087934e-07
2270,0.19991537035703,0.1842462,3.101593e-07
2280,0.19991361545613,0.1841768,3.115252e-07
2290,0.19991183758567,0.1841074,3.128911e-07
2300,0.19991003664641,0.184038,3.14257e-07
2310,0.19990821254026,0.1839686,3.156229e-07
2320,0.19990636517029,0.1838992,3.169888e-07
2330,0.19990449444068,0.1838298,3.183547e-07
2340,0.1999026002568,0.1837604,3.197206e-07
2350,0.1999006825251,0.183691,3.210865e-07
2360,0.19989874115318,0.1836216,3.224524e-07
2370,0.19989677604976,0.1835522,3.238183e-07
2380,0.19989478712465,0.1834828,3.251842e-07
2390,0.19989277428879,0.1834134,3.265501e-07
2400,0.19989073745418,0.183344,3.27916e-07
2410,0.19988867653394,0.1832746,3.292819e-07
2420,0.19988659144226,0.1832052,3.306478e-07
2430,0.1998844820944,0.1831358,3.320137e-07
2440,0.1998823484067,0.1830664,3.333796e-07
2450,0.19988019029655,0.182997,3.347455e-07
2460,0.1998780076824,0.1829276,3.361114e-07
2470,0.19987580048374,0.1828582,3.374773e-07
2480,0.1998735686211,0.1827888,3.388432e-07
2490,0.19987131201604,0.1827194,3.402091e-07
2500,0.19986903059115,0.18265,3.41575e-07
2510,0.19986672427004,0.1825806,3.429409e-07
2520,0.19986439297731,0.1825112,3.443068e-07
2530,0.19986203663859,0.1824418,3.456727e-07
2540,0.19985965518048,0.1823724,3.470386e-07
2550,0.19985724853059,0.182303,3.484045e-07
2560,0.19985481661748,0.1822336,3.497704e-07
2570,0.19985235937071,0.1821642,3.511363e-07
2580,0.1998498767208,0.1820948,3.525022e-07
2590,0.19984736859921,0.1820254,3.538681e-07
2600,0.19984483493837,0.181956,3.55234e-07
2610,0.19984227567164,0.1818866,3.565999e-07
2620,0.19983969073333,0.1818172,3.579658e-07
2630,0.19983708005867,0.1817478,3.593317e-07
2640,0.19983444358381,0.1816784,3.606976e-07
2650,0.19983178124581,0.181609,3.620635e-07
2660,0.19982909298264,0.1815396,3.634294e-07
2670,0.19982637873317,0.1814702,3.647953e-07
2680,0.19982363843716,0.1814008,3.661612e-07
2690,0.19982087203526,0.1813314,3.675271e-07
2700,0.19981807946899,0.181262,3.68893e-07
2710,0.19981526068073,0.1811926,3.702589e-07
2720,0.19981241561375,0.1811232,3.716248e-07
2730,0.19980954421214,0.1810538,3.729907e-07
2740,0.19980664642087,0.1809844,3.743566e-07
2750,0.19980372218573,0.180915,3.757225e-07
2760,0.19980077145336,0.1808456,3.770884e-07
2770,0.19979779417121,0.1807762,3.784543e-07
2780,0.19979479028756,0.1807068,3.798202e-07
2790,0.19979175975149,0.1806374,3.811861e-07
2800,0.19978870251291,0.180568,3.82552e-07
2810,0.1997856185225,0.1804986,3.839179e-07
2820,0.19978250773175,0.1804292,3.852838e-07
2830,0.19977937009292,0.1803598,3.866497e-07
2840,0.19977620555907,0.1802904,3.880156e-07
2850,0.19977301408401,0.180221,3.893815e-07
2860,0.19976979562232,0.1801516,3.907474e-07
2870,0.19976655012933,0.1800822,3.921133e-07
2880,0.19976327756114,0.1800128,3.934792e-07
2890,0.19975997787457,0.1799434,3.948451e-07
2900,0.19975665102719,0.179874,3.96211e-07
2910,0.19975329697731,0.1798046,3.975769e-07
2920,0.19974991568394,0.1797352,3.989428e-07
2930,0.19974650710681,0.1796658,4.003087e-07
2940,0.19974307120639,0.1795964,4.016746e-07
2950,0.19973960794382,0.179527,4.030405e-07
2960,0.19973611728094,0.1794576,4.044064e-07
2970,0.19973259918031,0.1793882,4.057723e-07
2980,0.19972905360514,0.1793188,4.071382e-07
2990,0.19972548051935,0.1792494,4.085041e-07
3000,0.19972187988749,0.17918,4.0987e-07
3010,0.19971825167483,0.1791106,4.112359e-07
3020,0.19971459584725,0.1790412,4.126018e-07
3030,0.19971091237131,0.1789718,4.139677e-07
3040,0.1997072012142,0.1789024,4.153336e-07
3050,0.19970346234378,0.178833,4.166995e-07
3060,0.19969969572852,0.1787636,4.180654e-07
3070,0.19969590133751,0.1786942,4.194313e-07
3080,0.1996920791405,0.1786248,4.207972e-07
3090,0.19968822910782,0.1785554,4.221631e-07
3100,0.19968435121043,0.178486,4.23529e-07
3110,0.19968044541989,0.1784166,4.248949e-07
3120,0.19967651170836,0.1783472,4.262608e-07
3130,0.19967255004859,0.1782778,4.276267e-07
3140,0.19966856041393,0.1782084,4.289926e-07
3150,0.1996645427783,0.178139,4.303585e-07
3160,0.1996604971162,0.1780696,4.317244e-07
3170,0.1996564234027,0.1780002,4.330903e-07
3180,0.19965232161344,0.1779308,4.344562e-07
3190,0.19964819172461,0.1778614,4.358221e-07
3200,0.19964403371296,0.177792,4.37188e-07
3210,0.19963984755579,0.1777226,4.385539e-07
3220,0.19963563323094,0.1776532,4.399198e-07
3230,0.1996313907168,0.1775838,4.412857e-07
3240,0.19962711999228,0.1775144,4.426516e-07
3250,0.19962282103681,0.177445,4.440175e-07
3260,0.19961849383037,0.1773756,4.453834e-07
3270,0.19961413835343,0.1773062,4.467493e-07
3280,0.19960975458699,0.1772368,4.481152e-07
3290,0.19960534251253,0.1771674,4.494811e-07
3300,0.19960090211207,0.177098,4.50847e-07
3310,0.19959643336811,0.1770286,4.522129e-07
3320,0.19959193626362,0.1769592,4.535788e-07
3330,0.19958741078209,0.1768898,4.549447e-07
3340,0.19958285690747,0.1768204,4.563106e-07
3350,0.1995782746242,0.176751,4.576765e-07
3360,0.19957366391719,0.1766816,4.590424e-07
3370,0.19956902477181,0.1766122,4.604083e-07
3380,0.1995643571739,0.1765428,4.617742e-07
3390,0.19955966110975,0.1764734,4.631401e-07
3400,0.19955493656611,0.176404,4.64506e-07
3410,0.19955018353018,0.1763346,4.658719e-07
3420,0.1995454019896,0.1762652,4.672378e-07
3430,0.19954059193245,0.1761958,4.686037e-07
3440,0.19953575334725,0.1761264,4.699696e-07
3450,0.19953088622294,0.176057,4.713355e-07
3460,0.1995259905489,0.1759876,4.727014e-07
3470,0.19952106631491,0.1759182,4.740673e-07
3480,0.1995161135112,0.1758488,4.754332e-07
3490,0.19951113212838,0.1757794,4.767991e-07
3500,0.1995061221575,0.17571,4.78165e-07
3510,0.19950108358997,0.1756406,4.795309e-07
3520,0.19949601641766,0.1755712,4.808968e-07
3530,0.19949092063278,0.1755018,4.822627e-07
3540,0.19948579622798,0.1754324,4.836286e-07
3550,0.19948064319625,0.175363,4.849945e-07
3560,0.199475461531,0.1752936,4.863604e-07
3570,0.19947025122601,0.1752242,4.877263e-07
3580,0.19946501227543,0.1751548,4.890922e-07
3590,0.19945974467379,0.1750854,4.904581e-07
3600,0.19945444841597,0.175016,4.91824e-07
3610,0.19944912349725,0.1749466,4.931899e-07
3620,0.19944376991323,0.1748772,4.945558e-07
3630,0.1994383876599,0.1748078,4.959217e-07
3640,0.19943297673357,0.1747384,4.972876e-07
3650,0.19942753713093,0.174669,4.986535e-07
3660,0.19942206884899,0.1745996,5.000194e-07
3670,0.19941657188512,0.1745302,5.013853e-07
3680,0.19941104623702,0.1744608,5.027512e-07
3690,0.19940549190272,0.1743914,5.041171e-07
3700,0.19939990888059,0.174322,5.05483e-07
3710,0.19939429716932,0.1742526,5.068489e-07
3720,0.19938865676793,0.1741832,5.082148e-07
3730,0.19938298767575,0.1741138,5.095807e-07
3740,0.19937728989244,0.1740444,5.109466e-07
3750,0.19937156341796,0.173975,5.123125e-07
3760,0.19936580825259,0.1739056,5.136784e-07
3770,0.1993600243969,0.1738362,5.150443e-07
3780,0.1993542118518,0.1737668,5.164102e-07
3790,0.19934837061845,0.1736974,5.177761e-07
3800,0.19934250069835,0.173628,5.19142e-07
3810,0.19933660209326,0.1735586,5.205079e-07
3820,0.19933067480526,0.1734892,5.218738e-07
3830,0.19932471883669,0.1734198,5.232397e-07
3840,0.19931873419019,0.1733504,5.246056e-07
3850,0.19931272086868,0.173281,5.259715e-07
3860,0.19930667887536,0.1732116,5.273374e-07
3870,0.19930060821368,0.1731422,5.287033e-07
3880,0.1992945088874,0.1730728,5.300692e-07
3890,0.19928838090052,0.1730034,5.314351e-07
3900,0.19928222425731,0.172934,5.32801e-07
3910,0.19927603896231,0.1728646,5.341669e-07
3920,0.19926982502032,0.1727952,5.355328e-07
3930,0.19926358243639,0.1727258,5.368987e-07
3940,0.19925731121583,0.1726564,5.382646e-07
3950,0.1992510113642,0.172587,5.396305e-07
3960,0.1992446828873,0.1725176,5.409964e-07
3970,0.19923832579119,0.1724482,5.423623e-07
3980,0.19923194008216,0.1723788,5.437282e-07
3990,0.19922552576674,0.1723094,5.450941e-07
4000,0.19921908285171,0.17224,5.4646e-07
4010,0.19921261134407,0.1721706,5.478259e-07
4020,0.19920611125107,0.1721012,5.491918e-07
4030,0.19919958258016,0.1720318,5.505577e-07
4040,0.19919302533905,0.1719624,5.519236e-07
4050,0.19918643953565,0.171893,5.532895e-07
4060,0.19917982517809,0.1718236,5.546554e-07
4070,0.19917318227475,0.1717542,5.560213e-07
4080,0.1991665108342,0.1716848,5.573872e-07
4090,0.19915981086522,0.1716154,5.587531e-07
4100,0.19915308237682,0.171546,5.60119e-07
4110,0.1991463253782,0.1714766,5.614849e-07
4120,0.19913953987878,0.1714072,5.628508e-07
4130,0.19913272588819,0.1713378,5.642167e-07
4140,0.19912588341624,0.1712684,5.655826e-07
4150,0.19911901247296,0.171199,5.669485e-07
4160,0.19911211306857,0.1711296,5.683144e-07
4170,0.19910518521348,0.1710602,5.696803e-07
4180,0.1990982289183,0.1709908,5.710462e-07
4190,0.19909124419383,0.1709214,5.724121e-07
4200,0.19908423105105,0.170852,5.73778e-07
4210,0.19907718950114,0.1707826,5.751439e-07
4220,0.19907011955544,0.1707132,5.765098e-07
4230,0.1990630212255,0.1706438,5.778757e-07
4240,0.19905589452304,0.1705744,5.792416e-07
4250,0.19904873945994,0.170505,5.806075e-07
4260,0.19904155604828,0.1704356,5.819734e-07
4270,0.19903434430029,0.1703662,5.833393e-07
4280,0.19902710422839,0.1702968,5.847052e-07
4290,0.19901983584517,0.1702274,5.860711e-07
4300,0.19901253916336,0.170158,5.87437e-07
4310,0.19900521419589,0.1700886,5.888029e-07
4320,0.19899786095584,0.1700192,5.901688e-07
4330,0.19899047945642,0.1699498,5.915347e-07
4340,0.19898306971106,0.1698804,5.929006e-07
4350,0.19897563173329,0.169811,5.942665e-07
4360,0.19896816553683,0.1697416,5.956324e-07
4370,0.19896067113554,0.1696722,5.969983e-07
4380,0.19895314854343,0.1696028,5.983642e-07
4390,0.19894559777466,0.1695334,5.997301e-07
4400,0.19893801884355,0.169464,6.01096e-07
4410,0.19893041176455,0.1693946,6.024619e-07
4420,0.19892277655226,0.1693252,6.038278e-07
4430,0.19891511322142,0.1692558,6.051937e-07
4440,0.19890742178692,0.1691864,6.065596e-07
4450,0.19889970226378,0.169117,6.079255e-07
4460,0.19889195466715,0.1690476,6.092914e-07
4470,0.19888417901233,0.1689782,6.106573e-07
4480,0.19887637531475,0.1689088,6.120232e-07
4490,0.19886854358997,0.1688394,6.133891e-07
4500,0.19886068385367,0.16877,6.14755e-07
4510,0.19885279612167,0.1687006,6.161209e-07
4520,0.19884488040991,0.1686312,6.174868e-07
4530,0.19883693673448,0.1685618,6.188527e-07
4540,0.19882896511155,0.1684924,6.202186e-07
4550,0.19882096555745,0.168423,6.215845e-07
4560,0.1988129380886,0.1683536,6.229504e-07
4570,0.19880488272157,0.1682842,6.243163e-07
4580,0.19879679947303,0.1682148,6.256822e-07
4590,0.19878868835976,0.1681454,6.270481e-07
4600,0.19878054939867,0.168076,6.28414e-07
4610,0.19877238260677,0.1680066,6.297799e-07
4620,0.19876418800118,0.1679372,6.311458e-07
4630,0.19875596559915,0.1678678,6.325117e-07
4640,0.19874771541801,0.1677984,6.338776e-07
4650,0.19873943747522,0.167729,6.352435e-07
4660,0.19873113178833,0.1676596,6.366094e-07
4670,0.19872279837501,0.1675902,6.379753e-07
4680,0.19871443725301,0.1675208,6.393412e-07
4690,0.1987060484402,0.1674514,6.407071e-07
4700,0.19869763195455,0.167382,6.42073e-07
4710,0.19868918781412,0.1673126,6.434389e-07
4720,0.19868071603707,0.1672432,6.448048e-07
4730,0.19867221664165,0.1671738,6.461707e-07
4740,0.19866368964621,0.1671044,6.475366e-07
4750,0.1986551350692,0.167035,6.489025e-07
4760,0.19864655292915,0.1669656,6.502684e-07
4770,0.1986379432447,0.1668962,6.516343e-07
4780,0.19862930603454,0.1668268,6.530002e-07
4790,0.19862064131749,0.1667574,6.543661e-07
4800,0.19861194911244,0.166688,6.55732e-07
4810,0.19860322943836,0.1666186,6.570979e-07
4820,0.19859448231432,0.1665492,6.584638e-07
4830,0.19858570775945,0.1664798,6.598297e-07
4840,0.19857690579298,0.1664104,6.611956e-07
4850,0.19856807643421,0.166341,6.625615e-07
4860,0.19855921970254,0.1662716,6.639274e-07
4870,0.19855033561742,0.1662022,6.652933e-07
4880,0.19854142419841,0.1661328,6.666592e-07
4890,0.1985324854651,0.1660634,6.680251e-07
4900,0.1985235194372,0.165994,6.69391e-07
4910,0.19851452613448,0.1659246,6.707569e-07
4920,0.19850550557676,0.1658552,6.721228e-07
4930,0.19849645778397,0.1657858,6.734887e-07
4940,0.19848738277608,0.1657164,6.748546e-07
4950,0.19847828057314,0.165647,6.762205e-07
4960,0.19846915119528,0.1655776,6.775864e-07
4970,0.19845999466267,0.1655082,6.789523e-07
4980,0.19845081099558,0.1654388,6.803182e-07
4990,0.19844160021432,0.1653694,6.816841e-07
5000,0.19843236233926,0.1653,6.8305e-07
5010,0.19842309739087,0.1652306,6.844159e-07
5020,0.19841380538964,0.1651612,6.857818e-07
5030,0.19840448635614,0.1650918,6.871477e-07
5040,0.19839514031101,0.1650224,6.885136e-07
5050,0.19838576727493,0.164953,6.898795e-07
5060,0.19837636726864,0.1648836,6.912454e-07
5070,0.19836694031296,0.1648142,6.926113e-07
5080,0.19835748642875,0.1647448,6.939772e-07
5090,0.19834800563691,0.1646754,6.953431e-07
5100,0.19833849795842,0.164606,6.96709e-07
5110,0.19832896341431,0.1645366,6.980749e-07
5120,0.19831940202565,0.1644672,6.994408e-07
5130,0.19830981381357,0.1643978,7.008067e-07
5140,0.19830019879925,0.1643284,7.021726e-07
5150,0.19829055700392,0.164259,7.035385e-07
5160,0.19828088844886,0.1641896,7.049044e-07
5170,0.19827119315539,0.1641202,7.062703e-07
5180,0.1982614711449,0.1640508,7.076362e-07
5190,0.1982517224388,0.1639814,7.090021e-07
5200,0.19824194705856,0.163912,7.10368e-07
5210,0.19823214502569,0.1638426,7.117339e-07
5220,0.19822231636175,0.1637732,7.130998e-07
5230,0.19821246108834,0.1637038,7.144657e-07
5240,0.19820257922709,0.1636344,7.158316e-07
5250,0.1981926707997,0.163565,7.171975e-07
5260,0.19818273582789,0.1634956,7.185634e-07
5270,0.19817277433342,0.1634262,7.199293e-07
5280,0.19816278633809,0.1633568,7.212952e-07
5290,0.19815277186376,0.1632874,7.226611e-07
5300,0.19814273093229,0.163218,7.24027e-07
5310,0.19813266356561,0.1631486,7.253929e-07
5320,0.19812256978566,0.1630792,7.267588e-07
5330,0.19811244961445,0.1630098,7.281247e-07
5340,0.19810230307399,0.1629404,7.294906e-07
5350,0.19809213018634,0.162871,7.308565e-07
5360,0.19808193097359,0.1628016,7.322224e-07
5370,0.19807170545787,0.1627322,7.335883e-07
5380,0.19806145366133,0.1626628,7.349542e-07
5390,0.19805117560616,0.1625934,7.363201e-07
5400,0.19804087131458,0.162524,7.37686e-07
5410,0.19803054080884,0.1624546,7.390519e-07
5420,0.19802018411121,0.1623852,7.404178e-07
5430,0.198009801244,0.1623158,7.417837e-07
5440,0.19799939222954,0.1622464,7.431496e-07
5450,0.1979889570902,0.162177,7.445155e-07
5460,0.19797849584835,0.1621076,7.458814e-07
5470,0.19796800852643,0.1620382,7.472473e-07
5480,0.19795749514685,0.1619688,7.486132e-07
5490,0.19794695573209,0.1618994,7.499791e-07
5500,0.19793639030464,0.16183,7.51345e-07
5510,0.197925798887,0.1617606,7.527109e-07
5520,0.19791518150171,0.1616912,7.540768e-07
5530,0.19790453817133,0.1616218,7.554427e-07
5540,0.19789386891843,0.1615524,7.568086e-07
5550,0.19788317376562,0.161483,7.581745e-07
5560,0.1978724527355,0.1614136,7.595404e-07
5570,0.19786170585073,0.1613442,7.609063e-07
5580,0.19785093313396,0.1612748,7.622722e-07
5590,0.19784013460786,0.1612054,7.636381e-07
5600,0.19782931029514,0.161136,7.65004e-07
5610,0.1978184602185,0.1610666,7.663699e-07
5620,0.19780758440068,0.1609972,7.677358e-07
5630,0.19779668286442,0.1609278,7.691017e-07
5640,0.19778575563249,0.1608584,7.704676e-07
5650,0.19777480272766,0.160789,7.718335e-07
5660,0.19776382417272,0.1607196,7.731994e-07
5670,0.1977528199905,0.1606502,7.745653e-07
5680,0.19774179020379,0.1605808,7.759312e-07
5690,0.19773073483545,0.1605114,7.772971e-07
5700,0.19771965390832,0.160442,7.78663e-07
5710,0.19770854744526,0.1603726,7.800289e-07
5720,0.19769741546914,0.1603032,7.813948e-07
5730,0.19768625800284,0.1602338,7.827607e-07
5740,0.19767507506926,0.1601644,7.841266e-07
5750,0.1976638666913,0.160095,7.854925e-07
5760,0.19765263289188,0.1600256,7.868584e-07
5770,0.19764137369393,0.1599562,7.882243e-07
5780,0.19763008912036,0.1598868,7.895902e-07
5790,0.19761877919414,0.1598174,7.909561e-07
5800,0.1976074439382,0.159748,7.92322e-07
5810,0.19759608337551,0.1596786,7.936879e-07
5820,0.19758469752902,0.1596092,7.950538e-07
5830,0.19757328642171,0.1595398,7.964197e-07
5840,0.19756185007656,0.1594704,7.977856e-07
5850,0.19755038851655,0.159401,7.991515e-07
5860,0.19753890176467,0.1593316,8.005174e-07
5870,0.19752738984392,0.1592622,8.018833e-07
5880,0.19751585277728,0.1591928,8.032492e-07
5890,0.19750429058777,0.1591234,8.046151e-07
5900,0.19749270329839,0.159054,8.05981e-07
5910,0.19748109093215,0.1589846,8.073469e-07
5920,0.19746945351206,0.1589152,8.087128e-07
5930,0.19745779106114,0.1588458,8.100787e-07
5940,0.19744610360241,0.1587764,8.114446e-07
5950,0.19743439115888,0.158707,8.128105e-07
5960,0.19742265375357,0.1586376,8.141764e-07
5970,0.19741089140951,0.1585682,8.155423e-07
5980,0.19739910414972,0.1584988,8.169082e-07
5990,0.19738729199722,0.1584294,8.182741e-07
6000,0.19737545497503,0.15836,8.1964e-07
6010,0.19736359310617,0.1582906,8.210059e-07
6020,0.19735170641367,0.1582212,8.223718e-07
6030,0.19733979492055,0.1581518,8.237377e-07
6040,0.19732785864981,0.1580824,8.251036e-07
6050,0.19731589762448,0.158013,8.264695e-07
6060,0.19730391186758,0.1579436,8.278354e-07
6070,0.19729190140211,0.1578742,8.292013e-07
6080,0.19727986625108,0.1578048,8.305672e-07
6090,0.19726780643749,0.1577354,8.319331e-07
6100,0.19725572198435,0.157666,8.33299e-07
6110,0.19724361291465,0.1575966,8.346649e-07
6120,0.19723147925139,0.1575272,8.360308e-07
6130,0.19721932101756,0.1574578,8.373967e-07
6140,0.19720713823613,0.1573884,8.387626e-07
6150,0.19719493093009,0.157319,8.401285e-07
6160,0.1971826991224,0.1572496,8.414944e-07
6170,0.19717044283604,0.1571802,8.428603e-07
6180,0.19715816209397,0.1571108,8.442262e-07
6190,0.19714585691914,0.1570414,8.455921e-07
6200,0.19713352733449,0.156972,8.46958e-07
6210,0.19712117336296,0.1569026,8.483239e-07
6220,0.1971087950275,0.1568332,8.496898e-07
6230,0.19709639235102,0.1567638,8.510557e-07
6240,0.19708396535644,0.1566944,8.524216e-07
6250,0.19707151406666,0.156625,8.537875e-07
6260,0.1970590385046,0.1565556,8.551534e-07
6270,0.19704653869314,0.1564862,8.565193e-07
6280,0.19703401465516,0.1564168,8.578852e-07
6290,0.19702146641353,0.1563474,8.592511e-07
6300,0.19700889399113,0.156278,8.60617e-07
6310,0.1969962974108,0.1562086,8.619829e-07
6320,0.19698367669538,0.1561392,8.633488e-07
6330,0.19697103186771,0.1560698,8.647147e-07
6340,0.19695836295062,0.1560004,8.660806e-07
6350,0.1969456699669,0.155931,8.674465e-07
6360,0.19693295293937,0.1558616,8.688124e-07
6370,0.19692021189081,0.1557922,8.701783e-07
6380,0.196907446844,0.1557228,8.715442e-07
6390,0.19689465782171,0.1556534,8.729101e-07
6400,0.19688184484668,0.155584,8.74276e-07
6410,0.19686900794165,0.1555146,8.756419e-07
6420,0.19685614712937,0.1554452,8.770078e-07
6430,0.19684326243254,0.1553758,8.783737e-07
6440,0.19683035387386,0.1553064,8.797396e-07
6450,0.19681742147602,0.155237,8.811055e-07
6460,0.1968044652617,0.1551676,8.824714e-07
6470,0.19679148525356,0.1550982,8.838373e-07
6480,0.19677848147424,0.1550288,8.852032e-07
6490,0.19676545394639,0.1549594,8.865691e-07
6500,0.19675240269262,0.15489,8.87935e-07
6510,0.19673932773553,0.1548206,8.893009e-07
6520,0.19672622909772,0.1547512,8.906668e-07
6530,0.19671310680176,0.1546818,8.920327e-07
6540,0.1966999608702,0.1546124,8.933986e-07
6550,0.1966867913256,0.154543,8.947645e-07
6560,0.19667359819048,0.1544736,8.961304e-07
6570,0.19666038148735,0.1544042,8.974963e-07
6580,0.19664714123872,0.1543348,8.988622e-07
6590,0.19663387746705,0.1542654,9.002281e-07
6600,0.19662059019482,0.154196,9.01594e-07
6610,0.19660727944447,0.1541266,9.029599e-07
6620,0.19659394523844,0.1540572,9.043258e-07
6630,0.19658058759913,0.1539878,9.056917e-07
6640,0.19656720654895,0.1539184,9.070576e-07
6650,0.19655380211027,0.153849,9.084235e-07
6660,0.19654037430545,0.1537796,9.097894e-07
6670,0.19652692315684,0.1537102,9.111553e-07
6680,0.19651344868677,0.1536408,9.125212e-07
6690,0.19649995091754,0.1535714,9.138871e-07
6700,0.19648642987145,0.153502,9.15253e-07
6710,0.19647288557076,0.1534326,9.166189e-07
6720,0.19645931803773,0.1533632,9.179848e-07
6730,0.19644572729459,0.1532938,9.193507e-07
6740,0.19643211336356,0.1532244,9.207166e-07
6750,0.19641847626684,0.153155,9.220825e-07
6760,0.1964048160266,0.1530856,9.234484e-07
6770,0.196391132665,0.1530162,9.248143e-07
6780,0.19637742620419,0.1529468,9.261802e-07
6790,0.19636369666627,0.1528774,9.275461e-07
6800,0.19634994407336,0.152808,9.28912e-07
6810,0.19633616844752,0.1527386,9.302779e-07
6820,0.19632236981082,0.1526692,9.316438e-07
6830,0.1963085481853,0.1525998,9.330097e-07
6840,0.19629470359298,0.1525304,9.343756e-07
6850,0.19628083605586,0.152461,9.357415e-07
6860,0.1962669455959,0.1523916,9.371074e-07
6870,0.19625303223508,0.1523222,9.384733e-07
6880,0.19623909599533,0.1522528,9.398392e-07
6890,0.19622513689856,0.1521834,9.412051e-07
6900,0.19621115496667,0.152114,9.42571e-07
6910,0.19619715022153,0.1520446,9.439369e-07
6920,0.19618312268499,0.1519752,9.453028e-07
6930,0.19616907237889,0.1519058,9.466687e-07
6940,0.19615499932502,0.1518364,9.480346e-07
6950,0.19614090354518,0.151767,9.494005e-07
6960,0.19612678506113,0.1516976,9.507664e-07
6970,0.19611264389462,0.1516282,9.521323e-07
6980,0.19609848006737,0.1515588,9.534982e-07
6990,0.19608429360106,0.1514894,9.548641e-07
7000,0.19607008451739,0.15142,9.5623e-07
7010,0.196055852838,0.1513506,9.575959e-07
7020,0.19604159858453,0.1512812,9.589618e-07
7030,0.19602732177858,0.1512118,9.603277e-07
7040,0.19601302244173,0.1511424,9.616936e-07
7050,0.19599870059556,0.151073,9.630595e-07
7060,0.1959843562616,0.1510036,9.644254e-07
7070,0.19596998946136,0.1509342,9.657913e-07
7080,0.19595560021635,0.1508648,9.671572e-07
7090,0.19594118854802,0.1507954,9.685231e-07
7100,0.19592675447783,0.150726,9.69889e-07
7110,0.1959122980272,0.1506566,9.712549e-07
7120,0.19589781921753,0.1505872,9.726208e-07
7130,0.1958833180702,0.1505178,9.739867e-07
7140,0.19586879460655,0.1504484,9.753526e-07
7150,0.19585424884791,0.150379,9.767185e-07
7160,0.1958396808156,0.1503096,9.780844e-07
7170,0.19582509053088,0.1502402,9.794503e-07
7180,0.19581047801502,0.1501708,9.808162e-07
7190,0.19579584328924,0.1501014,9.821821e-07
7200,0.19578118637475,0.150032,9.83548e-07
